;text
91520;"la forma en la que los cuatro son una familia üò≠üò≠
#MTVHottest twenty one pilots https://t.co/lZu47piBau"
96804;"1 RT = 1 VOTO
DAN VOTOS DOBLES, H√ÅGANLO O COMENTEN SU COMIDA TRADICIONAL CON LOS #
#MTVHottest BTS @BTS_twt"
16640;"Desde hoy los votos cuentan doble, comenten su comida favorita 

#MTVHottest BTS @BTS_twt"
83424;"@Angivvp Quiz√°s patience, por todo el revuelo con KSI, pero a√∫n as√≠ me gusta, por lo menos las partes de dom
#MTVHottest YUNGBLUD"
21313;@iPR0TECT94 Sud√°frica #MTVHottest Harry Styles (@Harry_Styles)
17569;"Trescientos cuarenta y dos
#MTVHottest YUNGBLUD"
64040;"Comenzamos con la palabra clave para recordar la primera visita de bangtan a Chile, utiliza:

RedBulletMemories üá®üá± m√°s el ht de votaci√≥n #MTVHottest BTS @BTS_twt y as√≠ apoyamos a los chicos con votos https://t.co/pFTfzngmQk"
67778;".@twentyonepilots se encuentra en CUARTO PUESTO en los MTV Hottest. Esta semana los votos cuentan el DOBLE asi que votemos y demos RT.

‚îÄ Toda esta semana haremos dinamicas para juntar votos. Dicho eso, respondan x10 veces + '#MTVHottest twenty one pilots'. https://t.co/uD8BRiOl1k"
63588;"Hoy los votos para MTV cuentan el DOBLE por el ""error"" de la primera semana. Recuerden que los RT cuentan como voto. Comenten sus tres colores favoritos

#MTVHottest BTS @BTS_twt"
97953;"Yoongi sent√°ndose en el sof√°, Jungkook arriba de Yoongi, Taehyung arriba de Jungkook arriba de Yoongi, Jimin sac√°ndole una foto a Yoongi y por √∫ltimo Hobi sac√°ndole una foto a todos. 

#MTVHottest BTS @BTS_twt
https://t.co/bNNEKbuzxS"
33898;"HOY LOS VOTOS CUENTAN EL DOBLE

RT= UN VOTO
¬øQUE SIGNO SON?

#MTVHottest BTS @BTS_twt"
64673;"Hoy los votos para MTV cuentan el DOBLE por el ""error"" de la primera semana. Recuerden que los RT cuentan como voto. Comenten sus tres colores favoritos

#MTVHottest BTS @BTS_twt"
62468;"@swkoogie @BTS_twt Peine para peinar el pelo de un pel√≥n 
#MTVHottest BTS @BTS_twt"
00801;"S√°came de esta cuarentena üòµ‚Äçüí´
#MTVHottest J Balvin"
23589;"Trescientos cuarenta y tres
#MTVHottest YUNGBLUD"
00996;"M√©xico
#MTVHottest BTS @BTS_twt"
29219;"Buenos d√≠asüíú
Como sabr√°n estos votos valen el doble a partir de hoy hasta el 9 de agosto ( #MTVHottest BTS @BTS_twt) as√≠ que a aumentar esos n√∫meros.
¬øles ah sucedido algo paranormal?
Si pudieran regresar al pasado cuando no hab√≠a pandemia ¬øque har√≠an?
¬øCu√°l es su sue√±o? https://t.co/gB1E3NewX7"
01248;"Esto ya no es gracioso. Se los juro.
#MTVHottest BTS @BTS_twt https://t.co/0n2eWP4OSZ"
50688;"Trescientos cuarenta y cinco
#MTVHottest YUNGBLUD"
59675;"@sweetjkland @BTS_twt Julio seguimos de fiesta! 

#MTVHottest BTS @BTS_twt"
67204;"Trescientos cuarenta y cuatro
#MTVHottest YUNGBLUD"
39947;"NAMJOON DIJO QUE LLEVA 10 A√ëOS SIENDO ARMY üò≠

#MTVHottest BTS @BTS_twt"
63689;"- responde con dos canciones que empiecen con la letra L
I vote #MTVHottest Twenty One Pilots"
50890;"üìå BTS Se convierte en el primer acto en la historia en Tener 3 MV que sobrepasan Los 20 millones de likes. 
#MTVHottest BTS @BTS_twt
-üçì https://t.co/BrKhWD3pgK"
90470;OK, R√ÅPIDO HOY LOS VOTOS CUENTAN EL DOBLE, AS√ç QUE SI VISTE ESTE TWEET EST√ÅS OBLIGADO A DARLE RT Y COMENTAR POR SEPARADO 8 CANCIONES DE BANGTAN Y LOS MESES DEL A√ëO + #MTVHottest BTS @BTS_twt
83213;"Oigan no creen que est√© a√±o Army Colombia se ha ilusionado mucho con un posible concierto de BTS en el pa√≠s???? 

#MTVHottest BTS @BTS_twt"
21665;"Trescientos cuarenta y ocho
#MTVHottest YUNGBLUD https://t.co/ZyWWbhxDZB"
63409;"@YDMM07HOBI @BTS_twt Per√∫ 
#MTVHottest BTS @BTS_twt"
77378;"@BarraSheno @BTS_twt G√©minis, seg√∫n mi mam√°, los doble cara jajaja 
#MTVHottest BTS @BTS_twt"
05632;"Amix quiero ser tu JAHSJAHJA yo quiero los comics, los cds *toda la merch luego* y...bueno eso 
#MTVHottest YUNGBLUD https://t.co/IKuvkZsHT5"
88832;no he escuchado ninguna #MTVHottest Twenty One Pilots https://t.co/bXD6hGw1Za
24546;SI VIENES ENTRANDO A TWITTER LES INFORMO QUE YA EST√ÅN CONTANDO LOS VOTOS DOBLES EN EST√Å VOTACI√ìN, LOS RT CUENTA COMO VOTO, SI ESTE TWEET SALE EN TU TL DA RT A ESTE TWEET Y COMENTA LOS D√çAS DE LA SEMANA: #MTVHottest BTS @BTS_twt
39879;"Hoy los votos para MTV cuentan el DOBLE por el ""error"" de la primera semana. Recuerden que los RT cuentan como voto. Comenten sus tres colores favoritos

#MTVHottest BTS @BTS_twt"
49317;"est√° fue la reacci√≥n de Taehyung cuando Yoongi subi√≥ una selca a twitter y el estaba haciendo un vlive ‚ô°

#MTVHottest BTS @BTS_twt https://t.co/ovxlSI7snU"
20546;"Por qu√© estoy llorando?

#MTVHottest BTS @BTS_twt  https://t.co/r1EqK78iYe"
48197;"[üìä] @BTS_twt se convierte en el artista con las tres descargas digitales m√°s vendidas de este a√±o en los Estados Unidos üéä

1- #BUTTER 
2- #PTD
3- #Dynamite 

Cr.chartdata | Trad.Blackswan ùñÜùñáùñóùñÜùñùùñÜùñòüí´
#MTVHottest BTS @BTS_twt"
14530;"Los votos dobles para est√°s votaciones ya han comenzado a contar, as√≠ que comenten 5 frutas, 3 animales m√°s su materia favorita utilizando el hashtag.

#MTVHottest BTS @BTS_twt"
78721;"Trescientos cuarenta y siete
#MTVHottest YUNGBLUD"
17667;"Ya abr√≠ el √°lbum y me toco el vhope en el regalo de weverse y el √°lbum genteee, estoy gritando son super lindas!!! üò≠üíú

Les saque foto con una mejor c√°mara para que puedan verlas, ojal√° la calidad sea mejor :')
I vote @BTS_twt as 2021 MTV Hottest Summer Superstar
#MTVHottest BTS https://t.co/R9iemi0l7z"
89220;"Trescientos cuarenta y nueve
#MTVHottest YUNGBLUD"
71817;SI VIENES ENTRANDO A TWITTER LES INFORMO QUE YA EST√ÅN CONTANDO LOS VOTOS DOBLES EN EST√Å VOTACI√ìN, LOS RT CUENTA COMO VOTO, SI ESTE TWEET SALE EN TU TL DA RT A ESTE TWEET Y COMENTA LOS D√çAS DE LA SEMANA: #MTVHottest BTS @BTS_twt
81313;"Trescientos cincuenta
#MTVHottest YUNGBLUD"
93284;"que temones pero el de Avril
I vote Harry Styles for #MTVHottest https://t.co/CqIDDzetNi"
75202;"@ARMYForce_votos @ARMYForce_Peru @BTS_twt M√©xico: Ciudad de M√©xico 

#MTVHottest BTS @BTS_twt"
82087;@iPR0TECT94 venezuela #MTVHottest Harry Styles (@Harry_Styles)
48294;"Trescientos cincuenta y uno
#MTVHottest YUNGBLUD"
20096;"Hoy los votos para MTV cuentan el DOBLE por el ""error"" de la primera semana. Recuerden que los RT cuentan como voto. Comenten sus tres colores favoritos

#MTVHottest BTS @BTS_twt"
05410;"Comenzamos con la palabra clave para recordar la primera visita de bangtan a Chile, utiliza:

RedBulletMemories üá®üá± m√°s el ht de votaci√≥n #MTVHottest BTS @BTS_twt y as√≠ apoyamos a los chicos con votos https://t.co/pFTfzngmQk"
85697;SI VIENES ENTRANDO A TWITTER LES INFORMO QUE YA EST√ÅN CONTANDO LOS VOTOS DOBLES EN EST√Å VOTACI√ìN, LOS RT CUENTA COMO VOTO, SI ESTE TWEET SALE EN TU TL DA RT A ESTE TWEET Y COMENTA LOS D√çAS DE LA SEMANA: #MTVHottest BTS @BTS_twt
88329;"Trescientos cincuenta y dos
#MTVHottest YUNGBLUD"
38785;"@swkoogie @BTS_twt Fr√≠o xd 
#MTVHottest BTS @BTS_twt"
98208;"Hoy los votos para MTV cuentan el DOBLE por el ""error"" de la primera semana. Recuerden que los RT cuentan como voto. Comenten sus tres colores favoritos

#MTVHottest BTS @BTS_twt"
01734;"Comenzamos con la palabra clave para recordar la primera visita de bangtan a Chile, utiliza:

RedBulletMemories üá®üá± m√°s el ht de votaci√≥n #MTVHottest BTS @BTS_twt y as√≠ apoyamos a los chicos con votos https://t.co/pFTfzngmQk"
99522;"@cutegigi_ @BTS_twt SAND√çA 

#MTVHottest BTS @BTS_twt"
37957;"Trescientos cincuenta y tres
#MTVHottest YUNGBLUD"
01764;"DIN√ÅMICA S√öPER R√ÅPIDA PARA SUMAR VOTOS SOLO DEBES DAR RT 
Da RT si estuvieron en algunas de las siguientes eras 
üåûON
üåûDynamite 
üåûidol 

 #MTVHottest BTS @BTS_twt https://t.co/sLwpFmoCs4"
02504;"no escuch√© ninguno
I vote Harry Styles for #MTVHottest https://t.co/Jav79Oyrac"
07744;"@BTS_Guatemala @BTS_twt Creo que no

BTS EN LA CIMA
#MTVHottest BTS @BTS_twt"
21408;"Hoy los votos para MTV cuentan el DOBLE por el ""error"" de la primera semana. Recuerden que los RT cuentan como voto. Comenten sus tres colores favoritos

#MTVHottest BTS @BTS_twt"
67970;"Trescientos cincuenta y cinco
#MTVHottest YUNGBLUD https://t.co/549TAu5Z8g"
91586;"Nada hago bien, puse otro @ que no era va de nuevo mi voto. ü¶≠

#MTVHottest BTS @BTS_twt"
84129;"Comenzamos con la palabra clave para recordar la primera visita de bangtan a Chile, utiliza:

RedBulletMemories üá®üá± m√°s el ht de votaci√≥n #MTVHottest BTS @BTS_twt y as√≠ apoyamos a los chicos con votos https://t.co/pFTfzngmQk"
96897;"HOY LOS VOTOS VALEN EL DOBLE
#MTVHottest BTS @BTS_twt"
30082;"Trescientos cincuenta y seis
#MTVHottest YUNGBLUD https://t.co/NHcWzcd1ji"
80578;@TheHSpanish pi√±a #MTVHottest Harry Styles (@Harry_Styles)
31113;"Trescientos cincuenta y siete
#MTVHottest YUNGBLUD"
37665;"Trescientos cincuenta Y ocho
#MTVHottest YUNGBLUD"
32736;"Comenzamos con la palabra clave para recordar la primera visita de bangtan a Chile, utiliza:

RedBulletMemories üá®üá± m√°s el ht de votaci√≥n #MTVHottest BTS @BTS_twt y as√≠ apoyamos a los chicos con votos https://t.co/pFTfzngmQk"
61382;SI VIENES ENTRANDO A TWITTER LES INFORMO QUE YA EST√ÅN CONTANDO LOS VOTOS DOBLES EN EST√Å VOTACI√ìN, LOS RT CUENTA COMO VOTO, SI ESTE TWEET SALE EN TU TL DA RT A ESTE TWEET Y COMENTA LOS D√çAS DE LA SEMANA: #MTVHottest BTS @BTS_twt
07138;"‚Äî | IMPORTANTE

La semana en la que los votos valen DOBLE acaba de comenzar, recuerden que todos nuestros votos de la primera semana no contar√°n debido a un problema t√©cnico, hay que aprovechar esto al m√°ximo.

Voten y den RT

#MTVHottest BTS @BTS_twt https://t.co/65GiWlzE9M"
78853;"ùêåùêìùêï ùêáùêéùêìùêìùêÑùêíùêì ùêíùêîùêèùêÑùêëùêíùêìùêÄùêëüó≥Ô∏è
@BTS_twt

D√≠ganos los 7 d√≠as de la semana junto a los 12 meses del a√±o 

Recuerden utilizar los # y responder en comentarios diferentes üíú

#MTVHottest + BTS https://t.co/ugxJg1CiGk"
82373;"Mientras ando en clase el stream sigue, como debe ser nenes. 

‚Äî #MTVHottest BTS @BTS_twt https://t.co/ztZdpGFrZr"
45159;"Desde hoy los votos cuentan doble, comenten su comida favorita 

#MTVHottest BTS @BTS_twt"
59168;"Trescientos cincuenta y nueve
#MTVHottest YUNGBLUD"
44577;"¬øCanci√≥n de BTS que usar√≠an de alarma? 
üëÄ

#MTVHottest BTS @BTS_twt"
87716;Te gusta alguien? #MTVHottest twenty one pilots
11009;"recuerden que desde ahora los votos dobles ya est√°n disponibles y contar√°n hasta el 9 de agosto, saquemos el mayor provecho y aumentemos esa brecha!! 

#MTVHottest BTS @BTS_twt"
09125;"Hobi haciendo soniditos tiny, es lo mas lindo! 

#MTVHottest BTS @BTS_twt 
https://t.co/uy3kkIfEBB"
56513;"Hoy los votos para MTV cuentan el DOBLE por el ""error"" de la primera semana. Recuerden que los RT cuentan como voto. Comenten sus tres colores favoritos

#MTVHottest BTS @BTS_twt"
47200;"los votos valen el doble, mi icon y el tuyo que shipp forman?

#MTVHottest BTS @BTS_twt"
86336;"@sweetjkland @BTS_twt Junio aniversario de los tannies y se arma la fiesta!! 

#MTVHottest BTS @BTS_twt"
82401;"Trescientos sesenta y uno
#MTVHottest YUNGBLUD"
72801;"@ksj_shady @BTS_twt 3. La canci√≥n que me recuerda es Blue side
 #MTVHottest BTS @BTS_twt"
61089;"Vengo a votar 

#MTVHottest BTS @BTS_twt"
51681;"A partir de hoy los votos cuentan doble.

Comenta:

‚ùáPlaya o rio.
‚ùáPizza o hamburguesa
‚ùá6 Frutas
‚ùá6 colores
‚ùáPresentaci√≥n fav de BTS
‚ùáCaf√© o chocolate

RT: Voto.

A√±ade üëá

#MTVHottest BTS @BTS_twt"
37026;"Nuevamente ganemos esta votaciones sin alianzas como todos los a√±os, ahora los votos valen el doble hasta el 9 de agosto hay que sumar e incrementar.  Comentar el fanchat de BTS, 5 MV y 6 canciones. 

#MTVHottest BTS @BTS_twt"
22848;"üö® | VOTACIONES 

¬°A√∫n hay votaciones vigentes!
Pasemos a recolectar y a dejar vts para los chicos.

üó≥Ô∏èFanplus.

üê®üê∞: ""Idols Nacidos en septiembre""
üêø: ""Top Rapper""

üó≥Ô∏èStarPlay 

üêø: ""Idol con mejor perfil""
üê®üê∞: ""Idols nacidos en septiembre""

#MTVHottest BTS @BTS_twt

-ü•ù https://t.co/jDj7q8yYOd"
85542;"Trescientos sesenta y dos
#MTVHottest YUNGBLUD"
64257;"Si a√∫n est√°n despiertos el MV de 'Airplane pt.2 - Japanese ver.-' ha superado los 199 millones de views en YouTube, esta a menos de 1M de llegar a los 200 millones üëÄ

#MTVHottest BTS @BTS_twt"
46496;"HOY LOS VOTOS CUENTAN EL DOBLE

RT= UN VOTO
¬øQUE SIGNO SON?

#MTVHottest BTS @BTS_twt"
80165;SI VIENES ENTRANDO A TWITTER LES INFORMO QUE YA EST√ÅN CONTANDO LOS VOTOS DOBLES EN EST√Å VOTACI√ìN, LOS RT CUENTA COMO VOTO, SI ESTE TWEET SALE EN TU TL DA RT A ESTE TWEET Y COMENTA LOS D√çAS DE LA SEMANA: #MTVHottest BTS @BTS_twt
44163;"actualmente el mv de butter est√° a solo 8M para superar los 500M de reproducciones, no descuiden el stream en esa app, as√≠ como spotify, youtube tambi√©n es esencial para obtener un buen puesto en los charts globales.

#MTVHottest BTS @BTS_twt"
84224;"SUMEMOS VOTOS, RECUERDEN QUE ESTA SEMANA CUENTAN EL DOBLE ‚ÄºÔ∏è

1 RT = 1 VOTO üó≥ 

‚Äî 7 canciones fav
‚Äî 7 comidas
‚Äî estaci√≥n favorita
‚Äî signo zodiacal 
‚Äî bias
‚Äî bias wrecker  
‚Äî % de bater√≠a  

COMENTEN POR SEPARADO 

+ #MTVHottest BTS @BTS_twt"
54470;"Trescientos sesenta y tres
#MTVHottest YUNGBLUD"
12672;no he escuchado ninguna #MTVHottest Twenty One Pilots https://t.co/8jKlJEw4HR
17668;SI VIENES ENTRANDO A TWITTER LES INFORMO QUE YA EST√ÅN CONTANDO LOS VOTOS DOBLES EN EST√Å VOTACI√ìN, LOS RT CUENTA COMO VOTO, SI ESTE TWEET SALE EN TU TL DA RT A ESTE TWEET Y COMENTA LOS D√çAS DE LA SEMANA: #MTVHottest BTS @BTS_twt
74225;@dlipapromoARG #MTVHottest Dua Lipa espa√±ol
26275;"Trescientos sesenta y cuatro
#MTVHottest YUNGBLUD"
83203;"La gente que a√∫n espera el Live de Jin y Jimin? Soy la gente

#MTVHottest BTS @BTS_twt"
28000;Orientaci√≥n sexual #MTVHottest twenty one pilots
21024;"@cutegigi_ @yankookbts @BTS_twt Iguana

#MTVHottest BTS @BTS_twt"
26276;"@92jinlovrss @BTS_twt Nuggets √±ami √±ami

#MTVHottest BTS @BTS_twt"
89728;"„Ö°üó≥| A PARTIR DE HOY LOS VOTOS CUENTAN DOBLES‚ÄºÔ∏è¬°RECUPEREMOS YA! 

1 RT = 1 VOTO‚ÄºÔ∏è
„Ö° comenten por separado y usando los #
 
„Ö° los d√≠as
„Ö° ¬ød√≠a o noche?
„Ö° ¬øsol o luna?
„Ö° ¬øblanco o negro?
„Ö° ¬øsecundaria o universidad?
„Ö° tu bias

+ #MTVHottest BTS @BTS_twt"
13058;@iPR0TECT94 #MTVHottest Harry Styles (@Harry_Styles)  M√©xico
50913;"@BIGHIT_MUSIC Siiiii, a seguir haciendo HISTORIA LEYENDAS üíúüëèüéâüéäüëè

#MTVHottest BTS @BTS_twt"
11489;"@Sky_613_ @BTS_twt Me voy pero antes dejo mi voto

#MTVHottest BTS @BTS_twt"
06336;"Trescientos sesenta y cinco
#MTVHottest YUNGBLUD"
60009;"@YDMM07HOBI @BTS_twt Pesta√±ina 
#MTVHottest BTS 
@BTS_twt"
41315;"Butter se mantiene #1 en el Hot100 por 9na semana, siendo la canci√≥n con m√°s n¬∞1 en lo que llevamos de 2021 ü•≥ 

BTS PAVED THE WAY
BTS WORLD DOMINATION üî•
#MTVHottest BTS @BTS_twt https://t.co/3sxEegieAz"
21891;"üìçMTV HOTTEST SUPERSTAR‚ú®

‚Äî #BTS¬†
‚Ä¢ RT = 1 voto 
‚Ä¢ son ilimitados.
‚Ä¢ finaliza el 23 de Agosto 10AM BST.

‚Äú #MTVHottest BTS @bts_twt ‚Äù"
40868;"HOY LOS VOTOS CUENTAN EL DOBLE

RT= UN VOTO
¬øQUE SIGNO SON?

#MTVHottest BTS @BTS_twt"
00067;"Trescientos sesenta y seis
#MTVHottest YUNGBLUD"
42208;"@BTStreamArg @BTS_twt Tarde pero seguro üíú
#MTVHottest BTS @BTS_twt"
32833;no lo escucho #MTVHottest Twenty One Pilots https://t.co/JxRT1NJvpu
57120;"la forma en la que los cuatro son una familia üò≠üò≠
#MTVHottest twenty one pilots https://t.co/lZu47piBau"
28837;"‚Äº | VOTACIONES

¬°Army! Recuerden que esta semana los votos que se den a esta categor√≠a valdr√°n EL DOBLE. 

Debido a que los de la primer semana no pudieron contarse por un error que hubo.

‚ñ´Ô∏èComenta 5 verduras rojas
‚ñ´Ô∏èComenta 5 frutas verdes

#MTVHottest BTS @BTS_twt 

- ‚òÅÔ∏è https://t.co/36E5vmLrkK"
92975;"los votos valen el doble, mi icon y el tuyo que shipp forman?

#MTVHottest BTS @BTS_twt"
95973;"Trescientos sesenta y ocho
#MTVHottest YUNGBLUD"
24034;"El jarabe me funcion√≥ unos 10 minutos, ahora me sigo sintiendo de la mrd ajsjajd
#MTVHottest BTS @BTS_twt"
82506;"Y si nos conocemos mejor? 
1. Bias: Jin, ot7
2. Pa√≠s: M√©xico 
3. Bt21 favorito: RJ
4. 2 canciones favoritas de bts: converse high, black swan 
@Soobminie1 @TaeOsitodeMiel3 @yami_Jjk
@AnasGuerrero4 @kingtan__ot7 @michelle_hutch9

Citen Tw
#MTVHottest BTS @BTS_twt https://t.co/pDbHBWqtta"
16484;"¬øY si nos conocemos mejor? 

1. Bias: Seokjin y Taehyung 
2. Pa√≠s: El Salvador
3. Bt21 favorito: RJ
4. Dos canciones favoritas de BTS: Best of me y I need u

#MTVHottest BTS @BTS_twt

@katebngtn @_Seokjinmiamor @Jiminie_sour https://t.co/ZH87Qdfnlb"
79915;"@Glian0 Bueno pero RM ocupo el lugar #10 en la lista de Billboard Hot 100 Song Writers, por su participaci√≥n en 'Butter' y los tuyos para cuando ? 

#MTVHottest BTS @BTS_twt https://t.co/MbQziGj2kk"
35232;"Trescientos sesenta y siete
#MTVHottest YUNGBLUD"
50918;"los votos valen el doble, mi icon y el tuyo que shipp forman?

#MTVHottest BTS @BTS_twt"
64375;"¬øY si nos conocemos mejor?

1. Bias: Yoongi
2. Pa√≠s: Ecuador
3. Bt21 favorito: todos
4. Dos canciones favoritas de BTS: todas

#MTVHottest BTS @BTS_twt
 
@J0ONSMILE @sxndrx_lexn @Blue_SideMYG @Bts13062013ot7 @luvtojikoo @iL0V3B4NGT4N https://t.co/nTLZYCQ2Br"
80449;"Trescientos sesenta y nueve
#MTVHottest YUNGBLUD"
71680;"@ARMYForce_votos @ARMYForce_Peru @BTS_twt Per√∫: Lima

#MTVHottest BTS @BTS_twt"
80226;"Que playlist tan buena, te amo @Mellygguk 

üçí: https://t.co/4w5cDgE3KB

@BTS_twt #MTVHottest BTS https://t.co/PFFJgaJmq3"
07137;@iPR0TECT94 #MTVHottest Harry Styles (@Harry_Styles)  Turqu√≠a
30368;"@stigmaltr @RominaVela8 @BTS_twt Marr√≥n

#MTVHottest BTS @BTS_twt"
33323;"Es re lindo ver a muchas personas del fandom que hacen el arsd. Yo quiero hacerlo pero # miedo

#MTVHottest BTS @BTS_twt"
25824;"@magicshopfb Ecuador. 
#MTVHottest BTS @BTS_twt"
80064;"Namjoon hizo mil comentarios en Weverse y no me lleg√≥ ninguna notificaci√≥n

#MTVHottest BTS @BTS_twt"
46016;"Si la tengo, me dicen Ferchis o CeinüçÉ

#MTVHottest BTS @BTS_twt https://t.co/T08PxaWXBQ"
77163;Tu g√©nero de m√∫sica favorito #MTVHottest twenty one pilots
26459;"‚Äîrazones por la cual Tyler Joseph y Josh Dun son mejor que t√∫, abro hilo:

#MTVHottest twenty one pilots https://t.co/qsIHqHGxPw"
56004;"los votos valen doble ahora! den RT y comenten 10 canciones de los chicos

GO GO

I vote @BTS_twt as 2021 MTV Hottest Summer Superstar
#MTVHottest BTS"
33542;"no escuch√© el de dua entonces el dos
I vote Harry Styles for #MTVHottest https://t.co/Y2U6VaJbtX"
87363;"la vdd no s√©
#MTVHottest BTS @BTS_twt https://t.co/fkbjl5iaP5"
95170;"Trescientos setenta y tres
#MTVHottest YUNGBLUD"
20072;"M√ÅXIMA POTENCIA ARMY üî•üí™üèª
üó≥Ô∏èDOBLES MTV Hottest
üîÅRT=1voto

POR SEPARADO:
üí¨ menciona las capitales de los siguientes Pa√≠ses üèÉüèΩ‚Äç‚ôÇÔ∏èüèÉüèΩ‚Äç‚ôÄÔ∏è
_Per√∫ üáµüá™
_Brasil üáßüá∑
_M√©xico üá≤üáΩ
_Ecuador üá™üá®
_Colombia üá®üá¥
_Venezuela üáªüá™

#MTVHottest BTS @BTS_twt https://t.co/tjSmMTZExw"
20320;"Trescientos setenta y cuatro
#MTVHottest YUNGBLUD https://t.co/HeFt3ZpLXS"
07590;SI VIENES ENTRANDO A TWITTER LES INFORMO QUE YA EST√ÅN CONTANDO LOS VOTOS DOBLES EN EST√Å VOTACI√ìN, LOS RT CUENTA COMO VOTO, SI ESTE TWEET SALE EN TU TL DA RT A ESTE TWEET Y COMENTA LOS D√çAS DE LA SEMANA: #MTVHottest BTS @BTS_twt
28771;"Nuevamente ganemos esta votaciones sin alianzas como todos los a√±os, ahora los votos valen el doble hasta el 9 de agosto hay que sumar e incrementar.  Comentar el fanchat de BTS, 5 MV y 6 canciones. 

#MTVHottest BTS @BTS_twt"
09059;SI VIENES ENTRANDO A TWITTER LES INFORMO QUE YA EST√ÅN CONTANDO LOS VOTOS DOBLES EN EST√Å VOTACI√ìN, LOS RT CUENTA COMO VOTO, SI ESTE TWEET SALE EN TU TL DA RT A ESTE TWEET Y COMENTA LOS D√çAS DE LA SEMANA: #MTVHottest BTS @BTS_twt
12002;"Por qu√© estoy llorando?

#MTVHottest BTS @BTS_twt  https://t.co/r1EqK78iYe"
17666;"SUBIERON DE PUESTO
Las amo demasiado se merecen todo esto y m√°s

#MTVHottest Little Mix https://t.co/8IWQ5EETit"
70562;"‚Ä¢ Si me falto algo pueden agregarlo, todos los d√≠as encontrar√°n un resumen como este en mi perfil. 
Activa notificaciones para no perderte de ninguno. 

Feliz d√≠a üíó!¬° 

#MTVHottest BTS @BTS_twt"
63074;no he escuchado ninguna #MTVHottest Twenty One Pilots https://t.co/5TZT3vwlL7
46243;"Ser Army no es solo pertenecer al mejor fandom sino que es un estilo de vida y es el m√≠o üíú

BTS WORLD DOMINATION üíú

#MTVHottest BTS @BTS_twt"
01605;"EN FIN, BTS LA BANDA M√ÅS GRANDE DEL MUNDO. 

#MTVHottest BTS @BTS_twt"
20076;"Esto ya no es gracioso. Se los juro.
#MTVHottest BTS @BTS_twt https://t.co/0n2eWP4OSZ"
82466;"@YDMM07HOBI @BTS_twt Sombras para ojos 
#MTVHottest BTS 
@BTS_twt"
23969;"Bellezas a Partir de Hoy estas Votaciones cuentan el doble as√≠ que a todo lo que comenten aqu√≠ deben colocarle los # para Subir lo m√°s r√°pido üî•

#MTVHottest BTS @BTS_twt https://t.co/4vNO0FxHAV"
01409;"‚Äº | VOTACIONES

¬°Army! Recuerden que esta semana los votos que se den a esta categor√≠a valdr√°n EL DOBLE. 

Debido a que los de la primer semana no pudieron contarse por un error que hubo.

‚ñ´Ô∏èComenta 5 verduras rojas
‚ñ´Ô∏èComenta 5 frutas verdes

#MTVHottest BTS @BTS_twt 

- ‚òÅÔ∏è https://t.co/36E5vmLrkK"
86637;"@magicshopfb Venezuela
#MTVHottest BTS @BTS_twt"
63492;"estoy teniendo una crisis de icon üßò‚Äç‚ôÄÔ∏è

#MTVHottest BTS @BTS_twt"
42724;"Desde hoy los votos cuentan doble, comenten su color favorito

#MTVHottest BTS @BTS_twt"
59785;"¬øY si nos conocemos mejor?

1. Bias: Kim Taehyung
2. Pa√≠s: Per√∫
3. Bt21 favorito: todos
4. Dos canciones favoritas de BTS: todas :)

#MTVHottest BTS @BTS_twt

 @iloveyouuuskks @ryuryuvh1
@Jeonkook__97 @ParkJimin130607 @soleemon  @vtaejguk https://t.co/3LaFakUddj"
64997;"RECUERDE QUE HOY LOS VOTOS VALEN EL DOBLE
#MTVHottest BTS @BTS_twt"
19872;"EN FIN, BTS LA BANDA M√ÅS GRANDE DEL MUNDO. 

#MTVHottest BTS @BTS_twt"
62245;"Continuemos votando aqu√≠ 

1 RT = Doble voto
1 comentario = doble voto

#MTVHottest BTS @BTS_twt"
69357;telepat√≠a es la unica que he escuchado #MTVHottest Twenty One Pilots https://t.co/NXjCybxTrI
51365;"üìçMTV HOTTEST SUPERSTAR‚ú®

‚Äî #BTS¬†
‚Ä¢ RT = 1 voto 
‚Ä¢ son ilimitados.
‚Ä¢ finaliza el 23 de Agosto 10AM BST.

‚Äú #MTVHottest BTS @bts_twt ‚Äù"
10435;"@magicshopfb @BTS_twt Objeto: mi taza con caf√© caliente aunque sea medio d√≠a. üíú

#MTVHottest BTS @BTS_twt https://t.co/9ZxQj5FTAW"
44230;"[CONTEO MENSUAL DDAENG TEAM]

üóìÔ∏èDESDE EL 01/07/21 al 31/07/21

El f√≥rmulario estar√° abierto √∫nicamente hasta el d√≠a jueves. Pedimos por favor que sean puntuales! 

Link
üìçhttps://t.co/1EREqpPweD

‚ö†Ô∏è Seguir los pasos de la imagen atentamente

#MTVHottest BTS 
(@BTS_twt) https://t.co/Q2frwMJh5I"
07651;"@ksj_shady @BTS_twt 1. Mi primer comeback fue Dynamite, pero estaba ya en el famdon cuando sali√≥ Daechwita que adrenalina sent√≠ ese d√≠a
#MTVHottest BTS @BTS_twt"
21985;SI VIENES ENTRANDO A TWITTER LES INFORMO QUE YA EST√ÅN CONTANDO LOS VOTOS DOBLES EN EST√Å VOTACI√ìN, LOS RT CUENTA COMO VOTO, SI ESTE TWEET SALE EN TU TL DA RT A ESTE TWEET Y COMENTA LOS D√çAS DE LA SEMANA: #MTVHottest BTS @BTS_twt
17699;"Desde hoy los votos cuentan doble, comenten su comida favorita 

#MTVHottest BTS @BTS_twt"
48771;@iPR0TECT94 #MTVHottest Harry Styles (@Harry_Styles)  reino unido
72192;"HOY LOS VOTOS CUENTAN EL DOBLE

RT= UN VOTO
¬øQUE SIGNO SON?

#MTVHottest BTS @BTS_twt"
69831;"@koorckstar @BTS_twt Ay q feo caso
#MTVHottest BTS @BTS_twt"
00840;"Me encantan estos rt... 

#MTVHottest BTS @BTS_twt https://t.co/SI3sQ48y9E"
50531;"Les dejo a Jimin cantando 'baby shark' para hacerles feliz la noche

#MTVHottest BTS @BTS_twt

https://t.co/47Vu71rAdS"
83874;"Trescientos setenta y cinco
#MTVHottest YUNGBLUD"
20463;"@sweetjkland @BTS_twt Mayo, pos muchas cosas pero Agust D-2 

#MTVHottest BTS @BTS_twt"
99648;"@magicshopfb @BTS_twt Pa√≠s, M√©xico

#MTVHottest BTS @BTS_twt"
48640;"Trescientos setenta y seis
#MTVHottest YUNGBLUD"
86913;"Bellezas a Partir de Hoy estas Votaciones cuentan el doble as√≠ que a todo lo que comenten aqu√≠ deben colocarle los # para Subir lo m√°s r√°pido üî•

#MTVHottest BTS @BTS_twt https://t.co/4vNO0FxHAV"
75171;"Holi, dejo una Setlist para YouTube, √∫nanse al stream party cuando puedan, si decean suben sus capturas y de paso sumamos votos.

#MTVHottest BTS @BTS_twt https://t.co/2JPOQjMx5N"
03841;"los votos valen el doble, mi icon y el tuyo que shipp forman?

#MTVHottest BTS @BTS_twt"
35585;"Trescientos setenta y siete
#MTVHottest YUNGBLUD"
73825;"Ingresen al link üìª‚ú®
Dejen sus capturas üì∑üíú

https://t.co/4qGEHHp1T8

Canci√≥n en el Ranking:

üí´ Butter     

*Correo 
*Seleccionar Butter 
*Enviar 

#MTVHottest BTS @BTS_twt https://t.co/PxrRDeLdIs"
09474;"@magicshopfb @BTS_twt Color amarillo como la mantequilla

#MTVHottest BTS @BTS_twt"
78016;"- responde con dos canciones que empiecen con la letra K
I vote #MTVHottest Twenty One Pilots"
93894;"Trescientos setenta y ocho
#MTVHottest YUNGBLUD"
70433;"@KTHILOVS @msgtelepathy cada d√≠a me enamoro mas de este hermoso hombreü§åü§åüõêüõêüõê

#MTVHottest BTS @BTS_twt https://t.co/EEnskkVlxG"
54308;"los votos valen el doble, mi icon y el tuyo que shipp forman?

#MTVHottest BTS @BTS_twt"
20418;SI VIENES ENTRANDO A TWITTER LES INFORMO QUE YA EST√ÅN CONTANDO LOS VOTOS DOBLES EN EST√Å VOTACI√ìN, LOS RT CUENTA COMO VOTO, SI ESTE TWEET SALE EN TU TL DA RT A ESTE TWEET Y COMENTA LOS D√çAS DE LA SEMANA: #MTVHottest BTS @BTS_twt
33921;"Trescientos setenta y nueve
#MTVHottest YUNGBLUD"
81126;"VOTOS DOBLES ARMY!!!

7 CANCIONES DE LOS CHICOS EN TWEETS SEPARADOS.

RT = VOTO
#MTVHottest BTS @BTS_twt"
35042;"HOY LOS VOTOS CUENTAN EL DOBLE

RT= UN VOTO
¬øQUE SIGNO SON?

#MTVHottest BTS @BTS_twt"
66086;"@ilymafu y no voy a validar algo q es bi y transfobico 
#MTVHottest twenty one pilots https://t.co/VSDOXhRX0F"
76902;"Trescientos ochenta 
#MTVHottest YUNGBLUD"
86912;"@magicshopfb @BTS_twt Pa√≠s, por supuesto, Corea del Norte.

#MTVHottest BTS @BTS_twt"
41280;"Nuevamente ganemos esta votaciones sin alianzas como todos los a√±os, ahora los votos valen el doble hasta el 9 de agosto hay que sumar e incrementar.  Comentar el fanchat de BTS, 5 MV y 6 canciones. 

#MTVHottest BTS @BTS_twt"
43552;"Trescientos ochenta y uno
#MTVHottest YUNGBLUD"
19200;"amo ambos pero el de louis es mi tema
I vote Harry Styles for #MTVHottest https://t.co/qPj0YDpnLd"
22436;"Yoongi sent√°ndose en el sof√°, Jungkook arriba de Yoongi, Taehyung arriba de Jungkook arriba de Yoongi, Jimin sac√°ndole una foto a Yoongi y por √∫ltimo Hobi sac√°ndole una foto a todos. 

#MTVHottest BTS @BTS_twt
https://t.co/bNNEKbuzxS"
22305;"[üó≥] NO PASEN SIN DEJAR SUS VOTOS O UNF‚ùóÔ∏è

- ¬øC√ìMO LE DICEN A ESTO?

- 1 RT = 1 VOTO 

#MTVHottest BTS @BTS_twt https://t.co/tVMz5LzqGh"
39631;"[üé≤] DIN√ÅMICA 

¬øEres capaz de completar el  nombre de las 5 canciones?ü§î

No olvides que ahora tus votos valen ¬°EL DOBLE!üëáüèªüî•

         #MTVHottest BTS @BTS_twt https://t.co/gsSamwksb0"
59291;"üó≥Ô∏èDOBLES MTV Hottest
üîÅRT=1voto

POR SEPARADO:
üí¨ menciona las capitales de los siguientes Pa√≠ses üî•
_Argentina üá¶üá∑
_Bolivia üáßüá¥
_Chile üá®üá±
_Paraguay üáµüáæ
_EE.UU üá∫üá∏
_Uruguay üá∫üáæ

#MTVHottest BTS @BTS_twt https://t.co/8POUYRGDnU"
46628;"üëãHola ARMY  c√≥mo va su tarde?...

üí°Sabian que por esta semana los votos en MTV vale doble üòä

Deja SS de SHAZAM üåÄ de PTD + #MTVHottest BTS @BTS_twt  üèÉüèÉüèÉ https://t.co/Md6VlLNRkh"
79713;"@soleemon @Jinvear @BTS_twt y pues falda
#MTVHottest BTS @BTS_twt"
67232;"Trescientos ochenta y tres
#MTVHottest YUNGBLUD"
43456;"- responde con dos canciones que empiecen con la letra F
I vote #MTVHottest Twenty One Pilots"
00931;"M√ÅXIMA POTENCIA ARMY üî•üí™üèª
üó≥Ô∏èDOBLES MTV Hottest
üîÅRT=1voto

POR SEPARADO:
üí¨ menciona las capitales de los siguientes Pa√≠ses üèÉüèΩ‚Äç‚ôÇÔ∏èüèÉüèΩ‚Äç‚ôÄÔ∏è
_Per√∫ üáµüá™
_Brasil üáßüá∑
_M√©xico üá≤üáΩ
_Ecuador üá™üá®
_Colombia üá®üá¥
_Venezuela üáªüá™

#MTVHottest BTS @BTS_twt https://t.co/tjSmMTZExw"
03713;"Me decido por ti , te decides por mi  a la misma hora üïë
#MTVHottest J Balvin"
09986;"Los votos dobles para est√°s votaciones ya han comenzado a contar, as√≠ que comenten 5 frutas, 3 animales m√°s su materia favorita utilizando el hashtag.

#MTVHottest BTS @BTS_twt"
36128;"Namjoon hizo mil comentarios en Weverse y no me lleg√≥ ninguna notificaci√≥n

#MTVHottest BTS @BTS_twt"
82208;"Trescientos ochenta y dos
#MTVHottest YUNGBLUD"
34816;once #MTVHottest YUNGBLUD  blah bla blah for-ninety nine...  wot?!?! yeah!!!  este video me hace reir y llorar al mismo tiempo xd https://t.co/0RcR2bNFvD
20514;"Desde hoy los votos cuentan doble, comenten su comida favorita 

#MTVHottest BTS @BTS_twt"
19591;"@swkoogie @BTS_twt Sand√≠a ü§†‚úåüèª
#MTVHottest BTS @BTS_twt"
53888;@iPR0TECT94 #MTVHottest Harry Styles (@Harry_Styles) Estados Unidos
41000;"Hoy los votos para MTV cuentan el DOBLE por el ""error"" de la primera semana. Recuerden que los RT cuentan como voto. Comenten sus tres colores favoritos

#MTVHottest BTS @BTS_twt"
57509;"Comenzamos con la palabra clave para recordar la primera visita de bangtan a Chile, utiliza:

RedBulletMemories üá®üá± m√°s el ht de votaci√≥n #MTVHottest BTS @BTS_twt y as√≠ apoyamos a los chicos con votos https://t.co/pFTfzngmQk"
21088;"quiero comprarme tantas cosas pero pobreza :(

#MTVHottest BTS @BTS_twt"
46504;"Desde hoy los votos cuentan doble, comenten su comida favorita 

#MTVHottest BTS @BTS_twt"
95492;"@cutegigi_ @yankookbts @BTS_twt Mel√≥n

#MTVHottest BTS @BTS_twt"
70309;"Ingresen al link üìª‚ú®
Dejen sus capturas üì∏

https://t.co/V36xGqgKHI

Cancion en el Ranking:
  
ü•û Butter           4 ( -2 ) 
 
 Dynamite    sali√≥ 

*1 voto x navegador ü§ûüèªüíú

#MTVHottest BTS @BTS_twt https://t.co/DYabgDwMCB"
48234;"Yo toda ilusionada de que vengan a Colombia y ni un peso tengo para ir a verlos 
 #MTVHottest BTS @BTS_twt"
74659;SI VIENES ENTRANDO A TWITTER LES INFORMO QUE YA EST√ÅN CONTANDO LOS VOTOS DOBLES EN EST√Å VOTACI√ìN, LOS RT CUENTA COMO VOTO, SI ESTE TWEET SALE EN TU TL DA RT A ESTE TWEET Y COMENTA LOS D√çAS DE LA SEMANA: #MTVHottest BTS @BTS_twt
68800;"Ojal√° siguieran vivos para poder darle uno a JK

#MTVHottest BTS @BTS_twt https://t.co/NJeE6Fkl4Q"
63584;"La gente que a√∫n espera el Live de Jin y Jimin? Soy la gente

#MTVHottest BTS @BTS_twt"
89762;"actualmente el mv de butter est√° a solo 8M para superar los 500M de reproducciones, no descuiden el stream en esa app, as√≠ como spotify, youtube tambi√©n es esencial para obtener un buen puesto en los charts globales.

#MTVHottest BTS @BTS_twt"
63722;@iPR0TECT94 #MTVHottest Harry Styles (@Harry_Styles)  Espa√±a
33505;"üö®Hoy los votos valen dobleüö®

‚Äî Si te regalan solo un √°lbum de los chicos ¬øCu√°l pedir√≠as?
‚Äî La canci√≥n que te hizo quedarte con los chicos
‚Äî La canci√≥n que te reconforta
‚Äî 2 Canciones que inicien con la primera letra de ti nombre

+ #MTVHottest BTS @BTS_twt"
81540;@iPR0TECT94 puerto rico #MTVHottest Harry Styles (@Harry_Styles)
62336;"Trescientos ochenta y cuatro
#MTVHottest YUNGBLUD"
02976;"RECUERDE QUE HOY LOS VOTOS VALEN EL DOBLE
#MTVHottest BTS @BTS_twt"
75236;"@MoniMar__ @BTS_twt Necesito conseguir algunos tambi√©n de d√≥nde compraste?

#MTVHottest BTS 
@BTS_twt"
68738;"- responde con dos canciones que empiecen con la letra J
I vote #MTVHottest Twenty One Pilots"
65856;"ooo ambos est√°n muy buenos pero el de maroon 5
I vote Harry Styles for #MTVHottest https://t.co/OGmaQi531b"
46722;"Seokjin y Jungkook jugando y sus caritas cuando el golpe se escuch√≥ con el micr√≥fono jsjsjs ü§≠üíûüíû

#MTVHottest BTS @BTS_twt
 https://t.co/cuR1T0pZ2T"
57510;"Desde hoy los votos cuentan doble, comenten su comida favorita 

#MTVHottest BTS @BTS_twt"
77568;"Trescientos ochenta y cinco
#MTVHottest YUNGBLUD"
47756;OK, R√ÅPIDO HOY LOS VOTOS CUENTAN EL DOBLE, AS√ç QUE SI VISTE ESTE TWEET EST√ÅS OBLIGADO A DARLE RT Y COMENTAR POR SEPARADO 8 CANCIONES DE BANGTAN Y LOS MESES DEL A√ëO + #MTVHottest BTS @BTS_twt
03043;"@cuttevante @BTS_twt Estoy entre el uno y el dos ü§î.. el dos üëåüíú

#MTVHottest BTS @BTS_twt"
21381;"Trescientos ochenta y seis
#MTVHottest YUNGBLUD"
86880;"C√≥mo hace su boquita Seokjin, tan lindo  ü•∫üíóüíñüíû

#MTVHottest BTS @BTS_twt
https://t.co/jTP7hvmUZz"
78080;"Trescientos ochenta y siete
#MTVHottest YUNGBLUD"
01889;OK, R√ÅPIDO HOY LOS VOTOS CUENTAN EL DOBLE, AS√ç QUE SI VISTE ESTE TWEET EST√ÅS OBLIGADO A DARLE RT Y COMENTAR POR SEPARADO 8 CANCIONES DE BANGTAN Y LOS MESES DEL A√ëO + #MTVHottest BTS @BTS_twt
61156;"HOY LOS VOTOS VALEN EL DOBLE
#MTVHottest BTS @BTS_twt"
35203;"ave mar√≠a cuando ser√°s m√≠a 

#MTVHottest BTS @BTS_twt"
60451;"Trescientos ochenta y ocho
#MTVHottest YUNGBLUD https://t.co/cNdcxa6QAO"
40803;"Hobi haciendo soniditos tiny, es lo mas lindo! 

#MTVHottest BTS @BTS_twt 
https://t.co/uy3kkIfEBB"
26464;SI VIENES ENTRANDO A TWITTER LES INFORMO QUE YA EST√ÅN CONTANDO LOS VOTOS DOBLES EN EST√Å VOTACI√ìN, LOS RT CUENTA COMO VOTO, SI ESTE TWEET SALE EN TU TL DA RT A ESTE TWEET Y COMENTA LOS D√çAS DE LA SEMANA: #MTVHottest BTS @BTS_twt
65059;"1 RT = 2 VOTOS 

*Responde por separado:

‚Äî10 Frutas
‚Äî10 animales
‚Äîfanchat + 

#MTVHottest BTS @BTS_twt"
89475;"Lxs amo demasiado 
#MTVHottest YUNGBLUD https://t.co/voOjejngXK"
87620;"Trescientos ochenta y nueve
#MTVHottest YUNGBLUD"
90912;"@spookycliquebr Venezuela
i vote #MTVHottest twenty one pilots"
07424;"HOY LOS VOTOS CUENTAN EL DOBLE

RT= UN VOTO
¬øQUE SIGNO SON?

#MTVHottest BTS @BTS_twt"
43848;"Bueno, dice ser coreana, a.

#MTVHottest BTS #BTS @BTS_twt"
91403;"Trescientos noventa
#MTVHottest YUNGBLUD"
15969;"Hoy comienza la semana de conteo dobles de votos para los MTV Hottest. 

1 RT = 1 VOTO

‚ñ™Ô∏è3 objetos
‚ñ™Ô∏è3 colores 
‚ñ™Ô∏è4 pa√≠ses 

Responde por separado + #MTVHottest BTS @BTS_twt https://t.co/NbRzuIxj0M"
09888;"No me hab√≠a dado cuenta que la lista de reproducci√≥n dura 4 horas y 35 minutos JAJDJJAJAJA
Ni modo jajdja 

#MTVHottest BTS @BTS_twt"
74955;"Trescientos noventa y uno
#MTVHottest YUNGBLUD https://t.co/i9flHLkQ8b"
31809;"HOY LOS VOTOS CUENTAN EL DOBLE

RT= UN VOTO
¬øQUE SIGNO SON?

#MTVHottest BTS @BTS_twt"
82117;"‚Äº | VOTACIONES

¬°Army! Recuerden que esta semana los votos que se den a esta categor√≠a valdr√°n EL DOBLE. 

Debido a que los de la primer semana no pudieron contarse por un error que hubo.

‚ñ´Ô∏èComenta 5 verduras rojas
‚ñ´Ô∏èComenta 5 frutas verdes

#MTVHottest BTS @BTS_twt 

- ‚òÅÔ∏è https://t.co/36E5vmLrkK"
31010;SI VIENES ENTRANDO A TWITTER LES INFORMO QUE YA EST√ÅN CONTANDO LOS VOTOS DOBLES EN EST√Å VOTACI√ìN, LOS RT CUENTA COMO VOTO, SI ESTE TWEET SALE EN TU TL DA RT A ESTE TWEET Y COMENTA LOS D√çAS DE LA SEMANA: #MTVHottest BTS @BTS_twt
94914;"SII,amo el bhc

#MTVHottest YUNGBLUD https://t.co/mQSnPoPlKQ"
57836;"RECUERDE QUE HOY LOS VOTOS VALEN EL DOBLE
#MTVHottest BTS @BTS_twt"
99500;"Bellezas a Partir de Hoy estas Votaciones cuentan el doble as√≠ que a todo lo que comenten aqu√≠ deben colocarle los # para Subir lo m√°s r√°pido üî•

#MTVHottest BTS @BTS_twt https://t.co/4vNO0FxHAV"
62208;"quiero una fiesta con los tannies t.t
 #MTVHottest BTS 
@BTS_twt"
81891;"Con este alto tema me voy a estudiar

#MTVHottest BTS @BTS_twt https://t.co/fng7hRMFrY"
55585;"No olviden pasar a dejar sus votos para Namjoon que est√° nominado en KC como mejor l√≠der, son 3 votos por hora üíú 

https://t.co/bUXG0Aj2Yw

#MTVHottest BTS @BTS_twt https://t.co/Bx7TctX43A"
15138;"Que penita me da saber que en ese tiempo sab√≠a de ellos pero nunca me decid√≠ averiguar m√°s, que dar√≠a por volver el tiempo atr√°sss

RedBulletMemories üá®üá±
#MTVHottest BTS @BTS_twt"
12049;"depende del d√≠a

#MTVHottest BTS @BTS_twt https://t.co/oNbCM08gjB"
56132;@iPR0TECT94 per√∫ #MTVHottest Harry Styles (@Harry_Styles)
14752;"@jimiIoops @YGRAWR @ArMy_bangt20 para que caigas un poquito m√°s ajjaja 

I vote @BTS_twt as 2021 MTV Hottest Summer Superstar
#MTVHottest BTS"
78408;"INFOüìà
@BTS_twt

'Butter' se mantiene en la posici√≥n #3 en Top 100 Songs de Rolling Stoneüá∫üá∏ y se convierte en la 1ra canci√≥n de un grupo en pasar 10 semanas consecutivas en el Top3ü§Ø

'Permission to Dance' se encuentra en el puesto #5 (-1) del chart...(+)

#MTVHottest BTS https://t.co/NPAHgKlXSs"
14819;"@ilymafu est√°s literalmente hablando d m√≠, no lees tus mensajes? kkkkk 
#MTVHottest twenty one pilots"
81986;"Nuevamente ganemos esta votaciones sin alianzas como todos los a√±os, ahora los votos valen el doble hasta el 9 de agosto hay que sumar e incrementar.  Comentar el fanchat de BTS, 5 MV y 6 canciones. 

#MTVHottest BTS @BTS_twt"
83936;SI VIENES ENTRANDO A TWITTER LES INFORMO QUE YA EST√ÅN CONTANDO LOS VOTOS DOBLES EN EST√Å VOTACI√ìN, LOS RT CUENTA COMO VOTO, SI ESTE TWEET SALE EN TU TL DA RT A ESTE TWEET Y COMENTA LOS D√çAS DE LA SEMANA: #MTVHottest BTS @BTS_twt
26112;"Ya habl√© mucho, me voy 

#MTVHottest BTS @BTS_twt"
50564;"Nuevamente ganemos esta votaciones sin alianzas como todos los a√±os, ahora los votos valen el doble hasta el 9 de agosto hay que sumar e incrementar.  Comentar el fanchat de BTS, 5 MV y 6 canciones. 

#MTVHottest BTS @BTS_twt"
24352;"Procedan a dejar sus votos ya sea dando RT o contestando las preguntas de abajo ya que ahora los votos valen el doble!

- Veces que te lavas los dientes al d√≠a
- Objeto a lado tuyo
- Sabor de helado fav
- Nombre de 2 frutas que te gusten mucho

+ #MTVHottest BTS @BTS_twt"
32698;SI VIENES ENTRANDO A TWITTER LES INFORMO QUE YA EST√ÅN CONTANDO LOS VOTOS DOBLES EN EST√Å VOTACI√ìN, LOS RT CUENTA COMO VOTO, SI ESTE TWEET SALE EN TU TL DA RT A ESTE TWEET Y COMENTA LOS D√çAS DE LA SEMANA: #MTVHottest BTS @BTS_twt
75941;"Trescientos noventa y dos
#MTVHottest YUNGBLUD"
63874;"- responde con dos canciones que empiecen con la letra H
I vote #MTVHottest Twenty One Pilots"
21922;I vote Miley Cyrus for #MTVHottest veinticuatro
81186;"@its_alaia05 AAAAMO ese es mi fav, quiero pintarmelo asi, ayudaa
#MTVHottest YUNGBLUD"
89921;I vote Miley Cyrus for #MTVHottest veintitr√©s
88768;"Trescientos noventa y tres
#MTVHottest YUNGBLUD"
59458;I vote Miley Cyrus for #MTVHottest veintiuno
95362;"Por qu√© estoy llorando?

#MTVHottest BTS @BTS_twt  https://t.co/r1EqK78iYe"
25861;"Trescientos noventa y cuatro
#MTVHottest YUNGBLUD https://t.co/pOq8TVo3eK"
99940;"Desde hoy los votos cuentan doble, comenten su comida favorita 

#MTVHottest BTS @BTS_twt"
11330;"Por qu√© estoy llorando?

#MTVHottest BTS @BTS_twt  https://t.co/r1EqK78iYe"
52906;"Desde hoy los votos cuentan doble, comenten su comida favorita 

#MTVHottest BTS @BTS_twt"
78592;"Hoy los votos para MTV cuentan el DOBLE por el ""error"" de la primera semana. Recuerden que los RT cuentan como voto. Comenten sus tres colores favoritos

#MTVHottest BTS @BTS_twt"
49672;"Trescientos noventa y cinco
#MTVHottest YUNGBLUD https://t.co/jWpOEFskNU"
77313;I vote Miley Cyrus for #MTVHottest diecis√©is
91844;"‚ÄºÔ∏èsi les aparece en su tl dejen sus votos, recuerden que los votos ya han comenzado a contar el doble ‚ÄºÔ∏è
Din√°mica x separado

- 5 frutas 
- 5 animales 
- fanchat x separado 

+ #MTVHottest BTS @BTS_twt"
61125;"Nuevamente ganemos esta votaciones sin alianzas como todos los a√±os, ahora los votos valen el doble hasta el 9 de agosto hay que sumar e incrementar.  Comentar el fanchat de BTS, 5 MV y 6 canciones. 

#MTVHottest BTS @BTS_twt"
05313;"HOY LOS VOTOS CUENTAN EL DOBLE

RT= UN VOTO
¬øQUE SIGNO SON?

#MTVHottest BTS @BTS_twt"
59050;"Trescientos noventa y seis
#MTVHottest YUNGBLUD https://t.co/LcncuZBdYj"
83298;"dejen d enamorarme xfi q m llevan hasta el cielo y luego m dejan caer 

#MTVHottest BTS @BTS_twt"
08643;I vote Miley Cyrus for #MTVHottest diez
39971;"Bellezas a Partir de Hoy estas Votaciones cuentan el doble as√≠ que a todo lo que comenten aqu√≠ deben colocarle los # para Subir lo m√°s r√°pido üî•

#MTVHottest BTS @BTS_twt https://t.co/4vNO0FxHAV"
81668;"Trescientos noventa y siete
#MTVHottest YUNGBLUD"
46020;"Escuchando Telepathy

#MTVHottest BTS @BTS_twt https://t.co/A2lIJOdZ1L"
85634;"Ya quedan pocos d√≠as para que finalicen las votaciones en fanplus. Para Hobi queda 1 d√≠a, para Nam y Jungkook quedan 3 d√≠as. 

Por favor vayan a dejar sus votos para los chicos ‚ÄºÔ∏è

#MTVHottest BTS @BTS_twt"
71041;"Comenzamos con la palabra clave para recordar la primera visita de bangtan a Chile, utiliza:

RedBulletMemories üá®üá± m√°s el ht de votaci√≥n #MTVHottest BTS @BTS_twt y as√≠ apoyamos a los chicos con votos https://t.co/pFTfzngmQk"
33509;"Trescientos noventa y ocho
#MTVHottest YUNGBLUD"
46080;"Nam diciendo que es un regla nacional hacer las tareas en los √∫ltimos 3-4 d√≠as de las vacaciones. Lit es la regla que la mayor√≠a de estudiantes seguimos, nos entiende 

#MTVHottest BTS @BTS_twt"
50754;"Esto ya no es gracioso. Se los juro.
#MTVHottest BTS @BTS_twt https://t.co/0n2eWP4OSZ"
71585;I vote Miley Cyrus for #MTVHottest cuatro
47363;"@jimiIoops @YGRAWR @Sweet_Jimin_n mira a mi var√≥n dae üòù ( direcci√≥n de administraci√≥n escolar  no te pongas celosa)üòâ

I vote @BTS_twt as 2021 MTV Hottest Summer Superstar
#MTVHottest BTS"
25377;"Bellezas a Partir de Hoy estas Votaciones cuentan el doble as√≠ que a todo lo que comenten aqu√≠ deben colocarle los # para Subir lo m√°s r√°pido üî•

#MTVHottest BTS @BTS_twt https://t.co/4vNO0FxHAV"
35115;"Hablando de Cima ‚ò∫Ô∏è

-Menciona sin decir su nombreü§≠ las canciones de BTS que han logrado el # 1 en BB

-Pensemos en escalar la Cima ü§î
Comenta 3 consejos para escalar y 3 razones para animarnos a escalar (pistas en la imagen)

üìçBTS EN LA CIMA
#MTVHottest BTS @BTS_twt https://t.co/H9Egy3yrPj"
63559;"Trescientos noventa y nueve
#MTVHottest YUNGBLUD"
03714;cuarenta y cuatro #MTVHottest Twenty One Pilots
88738;"Namjoon hizo mil comentarios en Weverse y no me lleg√≥ ninguna notificaci√≥n

#MTVHottest BTS @BTS_twt"
69792;"Cuatrocientos 
#MTVHottest YUNGBLUD"
07660;"Fotos con varios colores
#MTVHottest Twenty One Pilots https://t.co/4C1jEIeKiV"
93923;"Una disculpa para los que vieron eso pero es que si me empvto

 #MTVHottest BTS @BTS_twt"
01050;"¬°Hola mutis!
Contesten las preguntas y no olviden el #‚ô°

‚Ä¢¬øTe gustar√≠a viajar a Corea? 
Creo q la mayor√≠a de armys diran q si JAKAJAJ ps si me gustar√≠a
‚Ä¢¬øQui√©n es tu bias?
Yoongi ‚ô°

#MTVHottest BTS @BTS_twt 

@_kootee
@Nkgold_7
@jeonisdk https://t.co/Hime7xbKsA"
08321;"Cuatrocientos uno
#MTVHottest YUNGBLUD"
04576;@yoonligth @BTS_twt Mi√©rcoles #MTVHottest BTS @BTS_twt
48579;"los votos valen el doble, mi icon y el tuyo que shipp forman?

#MTVHottest BTS @BTS_twt"
10273;"Si hablamos de una dentro de BTS, sin duda alguna ONü¶í. Si es fuera d√©, ser√≠a Instant Crush de Daft Punk.

#MTVHottest BTS @BTS_twt https://t.co/OZxls3JXWs"
41473;"ART√çCULO üì∞ @BTS_twt 

K-Media reporta que la canci√≥n escrita e interpretada por Jin, ""Abyss"" sobrepas√≥ los 20M de streams en SoundCloud. (+üì∑‚ÜòÔ∏è)

üîóhttps://t.co/176cyqzOWV

~Abyss es una canci√≥n verdaderamente hermosa üíñüíñ

Nesse ü¶ä
Cr. jinnieslamp
#MTVHottest BTS https://t.co/wTvmQ6TocO"
25377;"Cuatrocientos dos
#MTVHottest YUNGBLUD"
51264;"Deber√≠a de estar disfrutando  de mis vacaciones pero no en vez de eso me dejan trabajo y ellos son los que salen a respirar aire fresco o con amigas  que malos pero ya esto pasa constantemente
 #MTVHottest BTS @BTS_twt"
33824;"Cuatrocientos tres
#MTVHottest YUNGBLUD https://t.co/OdPi1hTJjl"
29735;"@autumnplanet @BTS_twt Negro, por qu√© soy emo

#MTVHottest BTS @BTS_twt"
59713;"C√≥mo hace su boquita Seokjin, tan lindo  ü•∫üíóüíñüíû

#MTVHottest BTS @BTS_twt
https://t.co/jTP7hvmUZz"
58819;SI VIENES ENTRANDO A TWITTER LES INFORMO QUE YA EST√ÅN CONTANDO LOS VOTOS DOBLES EN EST√Å VOTACI√ìN, LOS RT CUENTA COMO VOTO, SI ESTE TWEET SALE EN TU TL DA RT A ESTE TWEET Y COMENTA LOS D√çAS DE LA SEMANA: #MTVHottest BTS @BTS_twt
54720;"@soleemon @BTS_twt Falda de cuadros
#MTVHottest BTS @BTS_twt"
03650;@iPR0TECT94 reino Unido #MTVHottest Harry Styles (@Harry_Styles)
56327;"HOY LOS VOTOS CUENTAN EL DOBLE

RT= UN VOTO
¬øQUE SIGNO SON?

#MTVHottest BTS @BTS_twt"
05453;"Por qu√© estoy llorando?

#MTVHottest BTS @BTS_twt  https://t.co/r1EqK78iYe"
16704;"@autumnplanet @BTS_twt Amarillo patito

#MTVHottest BTS @BTS_twt"
84418;"Cuatrocientos cuatro
#MTVHottest YUNGBLUD"
09130;"Hay alg√∫n contenido de los Chicos que no han podido ver ?

Por ejemplo In The Soop o Las pel√≠culas?

Estoy pensando en hacer una Transmisi√≥n por aqu√≠ o Twich pero que sea algo que realmente quieran ver ...

Diganme en los comentarios para evaluarlo.

#MTVHottest BTS @BTS_twt"
14048;"No olviden pasar a dejar sus votos para Namjoon que est√° nominado en KC como mejor l√≠der, son 3 votos por hora üíú 

https://t.co/bUXG0Aj2Yw

#MTVHottest BTS @BTS_twt https://t.co/Bx7TctX43A"
88102;"@Jenny_sky7 @BTS_twt La sand√≠a

#MTVHottest BTS @BTS_twt"
49794;"Cuatrocientos cinco
#MTVHottest YUNGBLUD"
89603;"los votos valen el doble, mi icon y el tuyo que shipp forman?

#MTVHottest BTS @BTS_twt"
55554;"‚Äîüìå Ya salieron las metas para el mes de agosto, no se olviden de difundir. ES IMPORTANTE‚ÄºÔ∏è

#MTVHottest BTS @BTS_twt https://t.co/aT5B21XHDo"
66434;"Cuatrocientos seis
#MTVHottest YUNGBLUD"
64832;OK, R√ÅPIDO HOY LOS VOTOS CUENTAN EL DOBLE, AS√ç QUE SI VISTE ESTE TWEET EST√ÅS OBLIGADO A DARLE RT Y COMENTAR POR SEPARADO 8 CANCIONES DE BANGTAN Y LOS MESES DEL A√ëO + #MTVHottest BTS @BTS_twt
06728;"@dinamicsBTSesp @BTS_twt 5. Quedarme en casa
#MTVHottest BTS @BTS_twt"
18339;"Esto ya no es gracioso. Se los juro.
#MTVHottest BTS @BTS_twt https://t.co/0n2eWP4OSZ"
67528;"Desde hoy los votos cuentan doble, comenten su comida favorita 

#MTVHottest BTS @BTS_twt"
08804;"Cuatrocientos siete
#MTVHottest YUNGBLUD"
66211;"HOY LOS VOTOS CUENTAN EL DOBLE

RT= UN VOTO
¬øQUE SIGNO SON?

#MTVHottest BTS @BTS_twt"
69568;"Desde hoy los votos cuentan doble, comenten su comida favorita 

#MTVHottest BTS @BTS_twt"
98530;"- responde con dos canciones que empiecen con la letra G
I vote #MTVHottest Twenty One Pilots"
30055;"MA√ëANA VUELVEN LOS RUN ????

#MTVHottest BTS @BTS_twt"
46880;"HOY LOS VOTOS CUENTAN EL DOBLE

RT= UN VOTO
¬øQUE SIGNO SON?

#MTVHottest BTS @BTS_twt"
35680;"Otros tipos de azul
#MTVHottest Twenty One Pilots https://t.co/NZ5ADl7pn2"
20170;"Namjoon hizo mil comentarios en Weverse y no me lleg√≥ ninguna notificaci√≥n

#MTVHottest BTS @BTS_twt"
45665;"HOY LOS VOTOS CUENTAN EL DOBLE

RT= UN VOTO
¬øQUE SIGNO SON?

#MTVHottest BTS @BTS_twt"
45026;"‚ÄºÔ∏èSUMEMOS VOTOS, RECUERDEN QUE CUENTAN LO DOBLE‚ÄºÔ∏è

Comenten por separado:

- fanchat 
- d√≠as de la semana 
- 5 colores 

+ #MTVHottest BTS @BTS_twt"
39587;"Buenas ! Sumamos Votos‚ùó‚ùóüíú
votamos por BTS  en MTV Hottest Superstarüá¨üáß

üó≥Recuerden que son votos ilimitados finaliza 23/08/21

‚Ä¢ Adivina el MV üé¨üé∂ üíú‚ùó‚ùó

-comenta por separado 

#MTVHottest BTS @BTS_twt https://t.co/3kpxvi1yD0"
00611;"ni√±os bonitos 

#MTVHottest BTS @BTS_twt https://t.co/QFPgYwfgYR"
59139;"Ingresen al link üìª‚ú®
Dejen sus capturas üì∑üíú

https://t.co/4qGEHHp1T8

Canci√≥n en el Ranking:

üí´ Butter     

*Correo 
*Seleccionar Butter 
*Enviar 

#MTVHottest BTS @BTS_twt https://t.co/PxrRDeLdIs"
11616;"‚ÄºÔ∏èsi les aparece en su tl dejen sus votos, recuerden que los votos ya han comenzado a contar el doble ‚ÄºÔ∏è
Din√°mica x separado

- 5 frutas 
- 5 animales 
- fanchat x separado 

+ #MTVHottest BTS @BTS_twt"
64897;"@Angivvp El de varios colores del videoclip de weird
#MTVHottest YUNGBLUD"
53024;"si te dijieran que te regalan un pasaje a cualquier pais, cual es el primero que se te viene a la cabeza?

#MTVHottest Twenty One Pilots
 Louis Tomlinson (@Louis_Tomlinson ) for #ArtistoftheSummer  @965TDY 
#KCAMexico #Golden"
18338;"‚ÄºÔ∏èsi les aparece en su tl dejen sus votos, recuerden que los votos ya han comenzado a contar el doble ‚ÄºÔ∏è
Din√°mica x separado

- 5 frutas 
- 5 animales 
- fanchat x separado 

+ #MTVHottest BTS @BTS_twt"
04288;LA VOZ DE TYLER EN REDECORATE Y THE OUTSIDE ES MAS QUE SUPERIOR #MTVHottest twenty one pilots
92998;"RECUERDE QUE HOY LOS VOTOS VALEN EL DOBLE
#MTVHottest BTS @BTS_twt"
46606;"EN FIN, BTS LA BANDA M√ÅS GRANDE DEL MUNDO. 

#MTVHottest BTS @BTS_twt"
37089;"Por qu√© estoy llorando?

#MTVHottest BTS @BTS_twt  https://t.co/r1EqK78iYe"
46629;"@sweetjkland @BTS_twt Marzo el mes de Yoon, porqu√©?, porque s√≠, igual hay pachanga en ese mes 

#MTVHottest BTS @BTS_twt"
00870;SI VIENES ENTRANDO A TWITTER LES INFORMO QUE YA EST√ÅN CONTANDO LOS VOTOS DOBLES EN EST√Å VOTACI√ìN, LOS RT CUENTA COMO VOTO, SI ESTE TWEET SALE EN TU TL DA RT A ESTE TWEET Y COMENTA LOS D√çAS DE LA SEMANA: #MTVHottest BTS @BTS_twt
19106;"‚ÄºÔ∏èsi les aparece en su tl dejen sus votos, recuerden que los votos ya han comenzado a contar el doble ‚ÄºÔ∏è
Din√°mica x separado

- 5 frutas 
- 5 animales 
- fanchat x separado 

+ #MTVHottest BTS @BTS_twt"
02596;"@92jinlovrss @BTS_twt Yo quiero hacer esoüò≠ CHAU

#MTVHottest BTS @BTS_twt"
04417;"Bellezas a Partir de Hoy estas Votaciones cuentan el doble as√≠ que a todo lo que comenten aqu√≠ deben colocarle los # para Subir lo m√°s r√°pido üî•

#MTVHottest BTS @BTS_twt https://t.co/4vNO0FxHAV"
06107;"Buenas noches ac√° y buenas tardes all√°.
Recuerden que son importantes y que Bangtan los ama.
Descansen y cu√≠dense.

#MTVHottest BTS @BTS_twt"
23235;"Dif√≠cil es decir aserejejadeje derubiriburu

#MTVHottest BTS @BTS_twt"
24643;"Cuatrocientos ocho
#MTVHottest YUNGBLUD"
87811;"Cuatrocientos nueve
#MTVHottest YUNGBLUD"
86819;@iPR0TECT94 estados unidos #MTVHottest Harry Styles (@Harry_Styles)
85836;"Hoy los votos para MTV cuentan el DOBLE por el ""error"" de la primera semana. Recuerden que los RT cuentan como voto. Comenten sus tres colores favoritos

#MTVHottest BTS @BTS_twt"
45859;"Por qu√© estoy llorando?

#MTVHottest BTS @BTS_twt  https://t.co/r1EqK78iYe"
08706;"Por qu√© estoy llorando?

#MTVHottest BTS @BTS_twt  https://t.co/r1EqK78iYe"
21384;"‚ìò Este usuario apoya a la mejor girlband del mundo mundial A.K.A. @LittleMix

#MTVHottest Little Mix https://t.co/KR21HkgLLF"
83206;"Cuatrocientos diez
#MTVHottest YUNGBLUD"
59780;"Buenas ! Sumamos Votos‚ùó‚ùóüíú
votamos por BTS  en MTV Hottest Superstarüá¨üáß

üó≥Recuerden que son votos ilimitados finaliza 23/08/21

‚Ä¢ Adivina el MV üé¨üé∂ üíú‚ùó‚ùó

-comenta por separado 

#MTVHottest BTS @BTS_twt https://t.co/3kpxvi1yD0"
33892;"‚ÄºÔ∏èsi les aparece en su tl dejen sus votos, recuerden que los votos ya han comenzado a contar el doble ‚ÄºÔ∏è
Din√°mica x separado

- 5 frutas 
- 5 animales 
- fanchat x separado 

+ #MTVHottest BTS @BTS_twt"
24803;"Hilo - aprendiendo los colores con top
#MTVHottest Twenty One Pilots"
86634;"@Jenny_sky7 @BTS_twt Helado de galleta oreo

#MTVHottest BTS @BTS_twt"
98530;@iPR0TECT94 espa√±a #MTVHottest Harry Styles (@Harry_Styles)
37635;"@cutegigi_ @BTS_twt Pi√±a 
#MTVHottest BTS @BTS_twt"
13793;"Los votos dobles ya han comenzado a contar, as√≠ que a sumar votos ¬øParticiparan o ya lo hicieron en el ARSD?

#MTVHottest BTS @BTS_twt"
98889;"Todos muy tranquilos, pero yo no pienso olvidar nunca que hoseok tiene un v√≠deo de jimin con √©se outfit bailando una canci√≥n de enrique iglesias en a√±o nuevo

#MTVHottest BTS @BTS_twt
 https://t.co/8Sxvps1V8K"
57344;"Por supuesto que no me duele, ME QUEMA, ME LASTIMA!!!! 
#MTVHottest BTS @BTS_twt https://t.co/xN7SeKzahz"
38946;"Nuevamente ganemos esta votaciones sin alianzas como todos los a√±os, ahora los votos valen el doble hasta el 9 de agosto hay que sumar e incrementar.  Comentar el fanchat de BTS, 5 MV y 6 canciones. 

#MTVHottest BTS @BTS_twt"
46529;"üìçMTV HOTTEST SUPERSTAR‚ú®

‚Äî #BTS¬†
‚Ä¢ RT = 1 voto 
‚Ä¢ son ilimitados.
‚Ä¢ finaliza el 23 de Agosto 10AM BST.

‚Äú #MTVHottest BTS @bts_twt ‚Äù"
95938;"Abro hilo de m√°s fotos del partido (despu√©s las pasar√© a mejor calidad, por ahora creo que no est√°n taaaan mal) no se olviden de votar y tomar ag√ºita c:

#MTVHottest twenty one pilots https://t.co/yHdOejWfpd"
26560;"Hoy comienza la semana de conteo dobles de votos para los MTV Hottest. 

1 RT = 1 VOTO

‚ñ™Ô∏è3 objetos
‚ñ™Ô∏è3 colores 
‚ñ™Ô∏è4 pa√≠ses 

Responde por separado + #MTVHottest BTS @BTS_twt https://t.co/NbRzuIxj0M"
56481;"recuerden que desde ahora los votos dobles ya est√°n disponibles y contar√°n hasta el 9 de agosto, saquemos el mayor provecho y aumentemos esa brecha!! 

#MTVHottest BTS @BTS_twt"
93764;"Cuatrocientos once
#MTVHottest YUNGBLUD"
71748;"Comenten 5 canciones de Bangtan + #MTVHottest BTS @BTS_twt 

Sumemos votooooosüíúüôåüèª"
02411;"EN FIN, BTS LA BANDA M√ÅS GRANDE DEL MUNDO. 

#MTVHottest BTS @BTS_twt"
16640;"‚ÄºÔ∏èsi les aparece en su tl dejen sus votos, recuerden que los votos ya han comenzado a contar el doble ‚ÄºÔ∏è
Din√°mica x separado

- 5 frutas 
- 5 animales 
- fanchat x separado 

+ #MTVHottest BTS @BTS_twt"
29030;"No s√© que pero ah√≠ dec√≠a votos dobles  

#MTVHottest BTS @BTS_twt"
56355;"Bellezas a Partir de Hoy estas Votaciones cuentan el doble as√≠ que a todo lo que comenten aqu√≠ deben colocarle los # para Subir lo m√°s r√°pido üî•

#MTVHottest BTS @BTS_twt https://t.co/4vNO0FxHAV"
81828;"Nuevamente ganemos esta votaciones sin alianzas como todos los a√±os, ahora los votos valen el doble hasta el 9 de agosto hay que sumar e incrementar.  Comentar el fanchat de BTS, 5 MV y 6 canciones. 

#MTVHottest BTS @BTS_twt"
25733;"Buenas ! Sumamos Votos‚ùó‚ùóüíú
votamos por BTS  en MTV Hottest Superstarüá¨üáß

üó≥Recuerden que son votos ilimitados finaliza 23/08/21

‚Ä¢ Adivina el MV üé¨üé∂ üíú‚ùó‚ùó

-comenta por separado 

#MTVHottest BTS @BTS_twt https://t.co/3kpxvi1yD0"
78693;"Me quiero hacer las u√±as pero no se que dise√±o üò∂

#MTVHottest BTS ( @BTS_twt )"
38272;"Recordemos a Bangtan en Chilito y aprovechemos de votar

MemoriesRedBullet üá®üá±
#MTVHottest BTS @BTS_twt"
19712;"HOY LOS VOTOS CUENTAN EL DOBLE

RT= UN VOTO
¬øQUE SIGNO SON?

#MTVHottest BTS @BTS_twt"
02149;#MTVHottest YUNGBLUD que as dicho dei madre
70752;"- responde con dos canciones que empiecen con la letra F
I vote #MTVHottest Twenty One Pilots"
42978;bueno muchas gracias por recalcarlo ((: #MTVHottest twenty one pilots https://t.co/fCaDoKWFP8
60898;"recuerden que desde ahora los votos dobles ya est√°n disponibles y contar√°n hasta el 9 de agosto, saquemos el mayor provecho y aumentemos esa brecha!! 

#MTVHottest BTS @BTS_twt"
91584;SI VIENES ENTRANDO A TWITTER LES INFORMO QUE YA EST√ÅN CONTANDO LOS VOTOS DOBLES EN EST√Å VOTACI√ìN, LOS RT CUENTA COMO VOTO, SI ESTE TWEET SALE EN TU TL DA RT A ESTE TWEET Y COMENTA LOS D√çAS DE LA SEMANA: #MTVHottest BTS @BTS_twt
76520;"HOY LOS VOTOS CUENTAN EL DOBLE

RT= UN VOTO
¬øQUE SIGNO SON?

#MTVHottest BTS @BTS_twt"
41418;"canci√≥n que si o si te hace llorar? 

#MTVHottest Twenty One Pilots
 Louis Tomlinson (@Louis_Tomlinson ) for #ArtistoftheSummer  @965TDY 
#KCAMexico #Golden"
41864;"Lo he pensado pero los tacos al pastor no me quieren soltar 

#MTVHottest BTS @BTS_twt https://t.co/bOV6LoaqAQ"
06464;"Los votos dobles para est√°s votaciones ya han comenzado a contar, as√≠ que comenten 5 frutas, 3 animales m√°s su materia favorita utilizando el hashtag.

#MTVHottest BTS @BTS_twt"
25384;Que har√≠as si ves a un obispo (twenty one pilots, dema) #MTVHottest twenty one pilots
73509;"@pilotspr @pilotsvoted Pap√° Noel
#MTVHottest Twenty One Pilots"
62722;"Buenas noches ac√° y buenas tardes all√°.
Recuerden que son importantes y que Bangtan los ama.
Descansen y cu√≠dense.

#MTVHottest BTS @BTS_twt"
00867;"@92jinlovrss @BTS_twt hoy conoc√≠ la envidia

#MTVHottest BTS @BTS_twt"
84800;diezz #MTVHottest YUNGBLUD su cara al final /cryy/ https://t.co/sGSJLwE1ix
85254;"Me pueden pasar ss de mi perfil por favor, ü•∫ü•∫
  #MTVHottest BTS @BTS_twt"
87875;"El CD de Weird! posters si y fotitos ahi pegadas jdask 
#MTVHottest YUNGBLUD https://t.co/HNrZj4f7tI"
96520;SI VIENES ENTRANDO A TWITTER LES INFORMO QUE YA EST√ÅN CONTANDO LOS VOTOS DOBLES EN EST√Å VOTACI√ìN, LOS RT CUENTA COMO VOTO, SI ESTE TWEET SALE EN TU TL DA RT A ESTE TWEET Y COMENTA LOS D√çAS DE LA SEMANA: #MTVHottest BTS @BTS_twt
09096;#MTVHottest YUNGBLUD ajajja
98244;"recuerden que desde ahora los votos dobles ya est√°n disponibles y contar√°n hasta el 9 de agosto, saquemos el mayor provecho y aumentemos esa brecha!! 

#MTVHottest BTS @BTS_twt"
52512;"ninguno, no escuch√© el segundo
I vote Harry Styles for #MTVHottest https://t.co/kaS6JuLZLx"
70817;"RECUERDE QUE HOY LOS VOTOS VALEN EL DOBLE
#MTVHottest BTS @BTS_twt"
57287;"Hoy los votos para MTV cuentan el DOBLE por el ""error"" de la primera semana. Recuerden que los RT cuentan como voto. Comenten sus tres colores favoritos

#MTVHottest BTS @BTS_twt"
90343;"VOTEN O SE PIERDEN EL PR√ìXIMO LIVE DEL CHAVO CON LOS OJITOS DE BAMBI. (Jungkook)

I vote (@BTS_twt) BTS for 2021 #MTVHottest Superstar https://t.co/weYTY3PN82"
68385;"los votos valen el doble, mi icon y el tuyo que shipp forman?

#MTVHottest BTS @BTS_twt"
64609;"Me muero de ternura amo esta bonita amistad, Sope siempre sera mi meta ideal de amistad. 

#MTVHottest BTS @BTS_twt https://t.co/vXjGwqxhFp"
84387;"que lindo mi icon los demas desean 
#MTVHottest BTS @BTS_twt"
60258;no he escuchado ninguna #MTVHottest Twenty One Pilots https://t.co/cZqrYhHjFH
86273;"Butter estar√° en el puesto #1 del HOT 100 por d√©cima semana. Y PTD seguir√° dentro del top 10. Am√©n. 

#MTVHottest BTS @BTS_twt"
81865;"@ARMYForce_votos @ARMYForce_Peru @BTS_twt Venezuela: Caracas 
#MTVHottest BTS @BTS_TWT"
38503;"Hoy los votos para MTV cuentan el DOBLE por el ""error"" de la primera semana. Recuerden que los RT cuentan como voto. Comenten sus tres colores favoritos

#MTVHottest BTS @BTS_twt"
67782;"@BTS_7Promises @BTS_twt El libro de la selva
 #MTVHottest BTS @BTS_twt"
85316;"La gente que a√∫n espera el Live de Jin y Jimin? Soy la gente

#MTVHottest BTS @BTS_twt"
35649;SI VIENES ENTRANDO A TWITTER LES INFORMO QUE YA EST√ÅN CONTANDO LOS VOTOS DOBLES EN EST√Å VOTACI√ìN, LOS RT CUENTA COMO VOTO, SI ESTE TWEET SALE EN TU TL DA RT A ESTE TWEET Y COMENTA LOS D√çAS DE LA SEMANA: #MTVHottest BTS @BTS_twt
29730;@BanditoHub vamos q se puede #MTVHottest twenty one pilots
54144;"@stigmaltr @RominaVela8 @BTS_twt Fr√≠o

#MTVHottest BTS @BTS_twt"
43558;"üö®Hoy los votos valen dobleüö®

‚Äî Si te regalan solo un √°lbum de los chicos ¬øCu√°l pedir√≠as?
‚Äî La canci√≥n que te hizo quedarte con los chicos
‚Äî La canci√≥n que te reconforta
‚Äî 2 Canciones que inicien con la primera letra de ti nombre

+ #MTVHottest BTS @BTS_twt"
55139;"Okay, pero Nam nos est√° dedicando tiempo a pesar de que posiblemente est√© cansado o tenga muchas cosas que hacer, en conclusi√≥n lo amo.

#MTVHottest BTS @BTS_twt"
00098;"Nuevamente ganemos esta votaciones sin alianzas como todos los a√±os, ahora los votos valen el doble hasta el 9 de agosto hay que sumar e incrementar.  Comentar el fanchat de BTS, 5 MV y 6 canciones. 

#MTVHottest BTS @BTS_twt"
51173;"Buenas ! Sumamos Votos‚ùó‚ùóüíú
votamos por BTS  en MTV Hottest Superstarüá¨üáß

üó≥Recuerden que son votos ilimitados finaliza 23/08/21

‚Ä¢ Adivina el MV üé¨üé∂ üíú‚ùó‚ùó

-comenta por separado 

#MTVHottest BTS @BTS_twt https://t.co/3kpxvi1yD0"
12226;"Como le dicen a esto en su pais/provincia? Aca le decimos choclo

+ #MTVHottest BTS @BTS_twt https://t.co/GYB0RlGss7"
49193;"RECUERDE QUE HOY LOS VOTOS VALEN EL DOBLE
#MTVHottest BTS @BTS_twt"
28768;"los votos valen doble ahora! den RT y comenten 10 canciones de los chicos

GO GO

I vote @BTS_twt as 2021 MTV Hottest Summer Superstar
#MTVHottest BTS"
50512;"GENTEEE HOY LOS VOTOS CUENTAN EL DOBLE.
Hay que aprovechar, recuerden que hemos ganado por 2 a√±os consecutivos y este no puede ser la excepci√≥n! 

Dejen 3 comentarios diciendo lo que sea 
#MTVHottest BTS @BTS_twt"
65376;"Por qu√© estoy llorando?

#MTVHottest BTS @BTS_twt  https://t.co/r1EqK78iYe"
72512;#MTVHottest YUNGBLUD ajajja
03365;"üö®Hoy los votos valen dobleüö®

‚Äî Si te regalan solo un √°lbum de los chicos ¬øCu√°l pedir√≠as?
‚Äî La canci√≥n que te hizo quedarte con los chicos
‚Äî La canci√≥n que te reconforta
‚Äî 2 Canciones que inicien con la primera letra de ti nombre

+ #MTVHottest BTS @BTS_twt"
33505;"Just one day mi canci√≥n 

#MTVHottest BTS @BTS_twt"
56192;"Por qu√© estoy llorando?

#MTVHottest BTS @BTS_twt  https://t.co/r1EqK78iYe"
16865;"HOY LOS VOTOS CUENTAN EL DOBLE

RT= UN VOTO
¬øQUE SIGNO SON?

#MTVHottest BTS @BTS_twt"
84265;"La gente que a√∫n espera el Live de Jin y Jimin? Soy la gente

#MTVHottest BTS @BTS_twt"
89570;"bueno al menos tengo a los tannies ‚ô°

#MTVHottest BTS @BTS_twt"
40864;"Desde hoy los votos cuentan doble, comenten su comida favorita 

#MTVHottest BTS @BTS_twt"
11968;"recuerden que desde ahora los votos dobles ya est√°n disponibles y contar√°n hasta el 9 de agosto, saquemos el mayor provecho y aumentemos esa brecha!! 

#MTVHottest BTS @BTS_twt"
97698;"Ingresen al link üìª‚ú®
Dejen sus capturas üì∑üíú

https://t.co/4qGEHHp1T8

Canci√≥n en el Ranking:

üí´ Butter     

*Correo 
*Seleccionar Butter 
*Enviar 

#MTVHottest BTS @BTS_twt https://t.co/PxrRDeLdIs"
20258;Que har√≠as si ves a una vaca volar #MTVHottest twenty one pilots
61031;"üó≥Ô∏èVotaci√≥n de MTV Music UK

üìçCategor√≠a 'Superestrella del Verano' üèñÔ∏è
üìç1 RT = 1 voto
üìçFinalizan el 23 de agosto
üìçVotos ilimitados

VOTEMOS:
‚è≥¬øTe gusta lo vintage o lo moderno? 
üå∫ ¬øCu√°les son tus flores fav? 
üåå Menciona tres planetas

#MTVHottest + BTS + @BTS_twt|üçã https://t.co/wMCJvfV3tc"
82155;"[üó≥] NO PASEN SIN DEJAR SUS VOTOS O UNF‚ùóÔ∏è

- ¬øC√ìMO LE DICEN A ESTO?

- 1 RT = 1 VOTO 

#MTVHottest BTS @BTS_twt https://t.co/tVMz5LzqGh"
79008;"HOY LOS VOTOS CUENTAN EL DOBLE

RT= UN VOTO
¬øQUE SIGNO SON?

#MTVHottest BTS @BTS_twt"
55425;"@iBORAHAE_twt Ay, pero que feo cas√≥.
I vote(@BTS_twt) BTS for 2021 #MTVHottest Superstar"
68292;"@cutegigi_ @BTS_twt Mel√≥n
#MTVHottest BTS @BTS_twt"
47778;"@YDMM07HOBI @BTS_twt M√©xico üá≤üáΩ
#MTVHottest BTS 
@BTS_twt"
31270;"SUMEMOS VOTOS, RECUERDEN QUE ESTA SEMANA CUENTAN EL DOBLE ‚ÄºÔ∏è

1 RT = 1 VOTO üó≥ 

‚Äî 7 canciones fav
‚Äî 7 comidas
‚Äî estaci√≥n favorita
‚Äî signo zodiacal 
‚Äî bias
‚Äî bias wrecker  
‚Äî % de bater√≠a  

COMENTEN POR SEPARADO 

+ #MTVHottest BTS @BTS_twt"
78880;"@Lxepaxk @BTS_twt Ahora si

#MTVHottest BTS @BTS_twt"
21541;"@92Ojms @BTS_twt Entonces yo lo digo por ti, eres linda‚ô°
#MTVHottest BTS @BTS_twt"
99784;Buenas tardes dejo mi voto #MTVHottest  BTS @BTS_twt
37888;"los votos valen doble ahora! den RT y comenten 10 canciones de los chicos

GO GO

I vote @BTS_twt as 2021 MTV Hottest Summer Superstar
#MTVHottest BTS"
49056;"@sweetjkland @BTS_twt Febrero joder que ese es el mes de mi amado var√≥n Jhope y por desgracia aunque se arma la pachanga de mi Brou yo la celebro por jhope jsjsj 

#MTVHottest BTS @BTS_twt"
13760;@swkoogie @BTS_twt Frambuesas #MTVHottest BTS @BTS_twt
19553;"Butter s√≥lo necesita 7,3M para los 500M de vistas en Youtube, tenemos muy poco tiempo si queremos que se convierta en el segundo m√°s r√°pido por un k-act en lograrlo. No vamos con buen ritmo, es triste porque est√° muy cerca.
#MTVHottest BTS @BTS_twt"
11680;"‚Äî Para no repetir lo mismo simplemente lean lo que dice este hilo. El conteo cierra el Jueves as√≠ que muevanse.

De paso les recuerdo que estos votos valen doble esta semana as√≠ que no olviden usarlos o dar RT. ‚¨áÔ∏è

#MTVHottest BTS @BTS_twt https://t.co/xqqRVc5aFw"
06406;"Nuevamente ganemos esta votaciones sin alianzas como todos los a√±os, ahora los votos valen el doble hasta el 9 de agosto hay que sumar e incrementar.  Comentar el fanchat de BTS, 5 MV y 6 canciones. 

#MTVHottest BTS @BTS_twt"
95909;"los votos valen el doble, mi icon y el tuyo que shipp forman?

#MTVHottest BTS @BTS_twt"
97154;"Ya sabemos que hoy los votos contar√°n el doble as√≠ que debemos aprovechar de sumar la mayor cantidad

Comenta cu√°les fueron las √∫ltimas dos canciones que escuchaste y usa los hts 

RT igual cuentan como votos

#MTVHottest BTS @BTS_twt"
11625;"@FollowTrick_AR @BTS_twt Mel√≥n
#MTVHottest BTS @BTS_twt"
96160;SI VIENES ENTRANDO A TWITTER LES INFORMO QUE YA EST√ÅN CONTANDO LOS VOTOS DOBLES EN EST√Å VOTACI√ìN, LOS RT CUENTA COMO VOTO, SI ESTE TWEET SALE EN TU TL DA RT A ESTE TWEET Y COMENTA LOS D√çAS DE LA SEMANA: #MTVHottest BTS @BTS_twt
09638;"Buenas noches ac√° y buenas tardes all√°.
Recuerden que son importantes y que Bangtan los ama.
Descansen y cu√≠dense.

#MTVHottest BTS @BTS_twt"
00865;"YA EMPEZARON LOS VOTOS DOBLES EN LA VOTACI√ìN. 

MOOTS, PODREMOS LLEGAR A 50 RT Y 100 COMENTARIOS üòîüíú

#MTVHottest BTS @BTS_twt"
91648;"No olviden pasar a dejar sus votos para Namjoon que est√° nominado en KC como mejor l√≠der, son 3 votos por hora üíú 

https://t.co/bUXG0Aj2Yw

#MTVHottest BTS @BTS_twt https://t.co/Bx7TctX43A"
70720;SI VIENES ENTRANDO A TWITTER LES INFORMO QUE YA EST√ÅN CONTANDO LOS VOTOS DOBLES EN EST√Å VOTACI√ìN, LOS RT CUENTA COMO VOTO, SI ESTE TWEET SALE EN TU TL DA RT A ESTE TWEET Y COMENTA LOS D√çAS DE LA SEMANA: #MTVHottest BTS @BTS_twt
31465;"Desde hoy los votos cuentan doble, comenten su comida favorita 

#MTVHottest BTS @BTS_twt"
78208;"@Angivvp Quiz√°s patience, por todo el revuelo con KSI, pero a√∫n as√≠ me gusta, por lo menos las partes de dom
#MTVHottest YUNGBLUD"
08834;"Miren aqu√≠ Taejin parecen un par de ositos üêª ü•∫
#MTVHottest BTS @BTS_twt 
https://t.co/0UEkU8AZxb"
22625;"HOY LOS VOTOS CUENTAN EL DOBLE

RT= UN VOTO
¬øQUE SIGNO SON?

#MTVHottest BTS @BTS_twt"
65923;SI VIENES ENTRANDO A TWITTER LES INFORMO QUE YA EST√ÅN CONTANDO LOS VOTOS DOBLES EN EST√Å VOTACI√ìN, LOS RT CUENTA COMO VOTO, SI ESTE TWEET SALE EN TU TL DA RT A ESTE TWEET Y COMENTA LOS D√çAS DE LA SEMANA: #MTVHottest BTS @BTS_twt
56291;"buena
#MTVHottest BTS @BTS_twt https://t.co/A0ZfU1xV4o"
14946;"Hoy los votos para MTV cuentan el DOBLE por el ""error"" de la primera semana. Recuerden que los RT cuentan como voto. Comenten sus tres colores favoritos

#MTVHottest BTS @BTS_twt"
22244;"Son concientes que en un mes vamos a tener a bangtan en los aeropuertos??????? No respiro

#MTVHottest BTS @BTS_twt"
83936;"@BTS_7Promises @BTS_twt Caballero carmelo
#MTVHottest BTS @BTS_twt"
01858;"Si he tomado y si, son buenas 
#MTVHottest BTS @BTS_twt https://t.co/aw2105FrLN"
29736;"@cutegigi_ @BTS_twt Sand√≠a 

#MTVHottest BTS @BTS_twt"
90050;"Butter s√≥lo necesita 7,3M para los 500M de vistas en Youtube, tenemos muy poco tiempo si queremos que se convierta en el segundo m√°s r√°pido por un k-act en lograrlo. No vamos con buen ritmo, es triste porque est√° muy cerca.
#MTVHottest BTS @BTS_twt"
37281;"‚Äî Para no repetir lo mismo simplemente lean lo que dice este hilo. El conteo cierra el Jueves as√≠ que muevanse.

De paso les recuerdo que estos votos valen doble esta semana as√≠ que no olviden usarlos o dar RT. ‚¨áÔ∏è

#MTVHottest BTS @BTS_twt https://t.co/xqqRVc5aFw"
